StudentID,HW1,HW2,Final
1,100,63,68
2,84,97,61
3,85,94,63
4,79,88,87
5,99,94,71
6,67,70,64
7,100,78,72
8,82,66,91
9,93,76,71
10,88,88,76
11,100,70,73
12,69,74,66
13,87,70,59
14,86,67,67
15,100,70,68
16,79,80,76
17,88,63,78
18,81,84,79
19,90,100,73
20,96,91,79
