StudentID,HW1,HW2,Final,Total,Grade
20,96,91,79,87,S
4,79,88,87,86,S
19,90,100,73,84,S
5,99,94,71,84,S
8,82,66,91,83,S
10,88,88,76,82,S
18,81,84,79,81,S
7,100,78,72,81,S
11,100,70,73,79,S
9,93,76,71,78,S
16,79,80,76,78,S
15,100,70,68,77,S
17,88,63,78,77,S
3,85,94,63,77,S
2,84,97,61,76,S
1,100,63,68,75,S
14,86,67,67,72,S
12,69,74,66,69,S
13,87,70,59,69,S
6,67,70,64,67,S
